<?xml version='1.0' encoding='UTF-8'?>
<?artifactRepository version='1.1.0'?>
<repository name='file:/Users/marianoquintela/Documents/ClonedRepos/hdfs-connector/target/update-site/ - artifacts' type='org.eclipse.equinox.p2.artifact.repository.simpleRepository' version='1'>
  <properties size='2'>
    <property name='p2.timestamp' value='1427737597881'/>
    <property name='p2.compressed' value='false'/>
  </properties>
  <mappings size='3'>
    <rule filter='(&amp; (classifier=osgi.bundle))' output='${repoUrl}/plugins/${id}_${version}.jar'/>
    <rule filter='(&amp; (classifier=binary))' output='${repoUrl}/binary/${id}_${version}'/>
    <rule filter='(&amp; (classifier=org.eclipse.update.feature))' output='${repoUrl}/features/${id}_${version}.jar'/>
  </mappings>
  <artifacts size='2'>
    <artifact classifier='osgi.bundle' id='org.mule.tooling.ui.contribution.hdfs.3.6.0' version='4.0.0.201503301446'>
      <properties size='3'>
        <property name='artifact.size' value='28358217'/>
        <property name='download.size' value='28358217'/>
        <property name='download.md5' value='6b713e2c698eb00bde8fe8abbb2c1ba0'/>
      </properties>
    </artifact>
    <artifact classifier='org.eclipse.update.feature' id='org.mule.tooling.ui.extension.hdfs.3.6.0' version='4.0.0.201503301446'>
      <properties size='4'>
        <property name='artifact.size' value='14683'/>
        <property name='download.size' value='14683'/>
        <property name='download.md5' value='99d6c3cac6e5d6ee44351fdb6a089c10'/>
        <property name='download.contentType' value='application/zip'/>
      </properties>
    </artifact>
  </artifacts>
</repository>
